class,XX1_1,YY1_1,XX2_1,YY2_1,SIZE_1,DIAG_1,XX1_2,YY1_2,XX2_2,YY2_2,SIZE_2,DIAG_2,XX3_1,YY1_3,XX2_3,YY2_3,SIZE_3,DIAG_3,XX1_4,YY1_4,XX2_4,YY2_4,SIZE_4,DIAG_4,XX1_5,YY1_5,XX2_5,YY2_5,SIZE_5,DIAG_5
2,18,0,9,6,10.82,40.25,9,6,0,12,10.82,40.25,0,12,0,24,12,40.25,0,24,9,30,10.82,40.25,9,30,18,36,10.82,40.25
1,0,0,0,21,21,35.340000000000003,15,0,15,24,24,35.340000000000003,0,21,15,24,15.300000000000001,35.340000000000003,0,21,14,32,17.800000000000001,35.340000000000003,15,24,14,32,8.0600000000000005,35.340000000000003
4,0,0,0,8,8,42.640000000000001,0,8,2,33,25.079999999999998,42.640000000000001,0,8,27,10,27.07,42.640000000000001,2,33,27,31,25.079999999999998,42.640000000000001,0,0,16,1,16.030000000000001,42.640000000000001
4,0,0,0,25,25,60.829999999999998,0,25,2,44,19.100000000000001,60.829999999999998,0,25,20,25,20,60.829999999999998,2,44,42,42,40.049999999999997,60.829999999999998,0,0,26,1,26.02,60.829999999999998
4,0,0,0,10,10,42.200000000000003,0,10,2,34,24.079999999999998,42.200000000000003,0,10,25,10,25,42.200000000000003,2,34,21,33,19.030000000000001,42.200000000000003,0,0,20,0,20,42.200000000000003
9,0,0,0,35,35,50.990000000000002,0,35,0,50,15,50.990000000000002,0,50,10,44,11.66,50.990000000000002,10,44,10,35,9,50.990000000000002,10,35,0,26,13.449999999999999,50.990000000000002
4,0,0,0,22,22,46.07,0,22,0,37,15,46.07,0,22,21,22,21,46.07,0,37,8,39,8.25,46.07,0,0,15,-2,15.130000000000001,46.07
9,0,0,0,36,36,48.049999999999997,0,36,0,47,11,48.049999999999997,0,47,10,40,12.210000000000001,48.049999999999997,10,40,10,33,7,48.049999999999997,10,33,0,26,12.210000000000001,48.049999999999997
4,0,0,0,24,24,54.560000000000002,0,24,2,41,17.120000000000001,54.560000000000002,0,24,25,25,25.02,54.560000000000002,2,41,21,40,19.030000000000001,54.560000000000002,0,0,36,1,36.009999999999998,54.560000000000002
9,0,0,0,29,29,56.079999999999998,0,29,1,52,23.02,56.079999999999998,1,52,21,38,24.41,56.079999999999998,21,38,21,22,16,56.079999999999998,21,22,0,6,26.399999999999999,56.079999999999998
7,0,0,0,21,21,38.079999999999998,18,0,19,8,8.0600000000000005,38.079999999999998,0,21,19,8,23.02,38.079999999999998,0,21,0,33,12,38.079999999999998,19,8,18,17,9.0600000000000005,38.079999999999998
1,0,0,0,18,18,32.890000000000001,9,0,11,12,12.17,32.890000000000001,0,18,11,12,12.529999999999999,32.890000000000001,0,18,7,31,14.76,32.890000000000001,11,12,7,31,19.420000000000002,32.890000000000001
2,20,0,2,4,18.440000000000001,29.73,2,4,0,8,4.4699999999999998,29.73,0,8,0,15,7,29.73,0,15,2,19,4.4699999999999998,29.73,2,19,20,22,18.25,29.73
6,19,0,0,9,21.02,34.409999999999997,0,9,0,18,9,34.409999999999997,0,18,19,28,21.469999999999999,34.409999999999997,19,0,18,10,10.050000000000001,34.409999999999997,20,10,14,10,6,34.409999999999997
4,0,0,0,14,14,48.920000000000002,0,14,2,37,23.09,48.920000000000002,0,14,13,13,13.039999999999999,48.920000000000002,2,37,10,37,8,48.920000000000002,0,0,32,0,32,48.920000000000002
7,0,0,0,16,16,46.869999999999997,25,0,26,8,8.0600000000000005,46.869999999999997,0,16,26,8,27.199999999999999,46.869999999999997,0,16,1,39,23.02,46.869999999999997,26,8,25,31,23.02,46.869999999999997
4,0,0,0,17,17,32.799999999999997,0,17,2,24,7.2800000000000002,32.799999999999997,0,17,17,17,17,32.799999999999997,2,24,14,26,12.17,32.799999999999997,0,0,20,0,20,32.799999999999997
3,0,0,0,24,24,32.560000000000002,0,24,10,18,11.66,32.560000000000002,10,18,22,12,13.42,32.560000000000002,22,12,10,6,13.42,32.560000000000002,10,6,0,0,11.66,32.560000000000002
9,0,0,0,35,35,50.009999999999998,0,35,1,49,14.039999999999999,50.009999999999998,1,49,10,43,10.82,50.009999999999998,10,43,10,36,7,50.009999999999998,10,36,0,29,12.210000000000001,50.009999999999998
2,16,0,8,5,9.4299999999999997,35.780000000000001,8,5,0,10,9.4299999999999997,35.780000000000001,0,10,0,21,11,35.780000000000001,0,21,8,26,9.4299999999999997,35.780000000000001,8,26,16,32,10,35.780000000000001
4,0,0,0,25,25,58.799999999999997,0,25,2,43,18.109999999999999,58.799999999999997,0,25,33,23,33.060000000000002,58.799999999999997,2,43,33,42,31.02,58.799999999999997,0,0,39,-1,39.009999999999998,58.799999999999997
4,0,0,0,12,12,39.700000000000003,0,12,0,28,16,39.700000000000003,0,12,26,14,26.079999999999998,39.700000000000003,0,28,16,29,16.030000000000001,39.700000000000003,0,0,25,-1,25.02,39.700000000000003
4,0,0,0,12,12,39.700000000000003,0,12,0,30,18,39.700000000000003,0,12,16,12,16,39.700000000000003,0,30,21,29,21.02,39.700000000000003,0,0,26,1,26.02,39.700000000000003
9,0,0,0,26,26,53.310000000000002,0,26,2,49,23.09,53.310000000000002,2,49,21,39,21.469999999999999,53.310000000000002,21,39,21,27,12,53.310000000000002,21,27,0,15,24.190000000000001,53.310000000000002
7,0,0,0,13,13,36.399999999999999,8,0,10,16,16.120000000000001,36.399999999999999,0,13,10,16,10.44,36.399999999999999,0,13,2,31,18.109999999999999,36.399999999999999,10,16,10,35,19,36.399999999999999
4,0,0,0,14,14,52.799999999999997,0,14,0,39,25,52.799999999999997,0,14,32,14,32,52.799999999999997,0,39,11,41,11.18,52.799999999999997,0,0,27,-1,27.02,52.799999999999997
4,0,0,0,10,10,31.399999999999999,0,10,2,23,13.15,31.399999999999999,0,10,8,9,8.0600000000000005,31.399999999999999,2,23,19,24,17.030000000000001,31.399999999999999,0,0,11,-1,11.050000000000001,31.399999999999999
3,0,0,1,39,39.009999999999998,43.829999999999998,1,39,17,30,18.359999999999999,43.829999999999998,17,30,20,20,10.44,43.829999999999998,20,20,17,10,10.44,43.829999999999998,17,10,0,0,19.719999999999999,43.829999999999998
3,0,0,2,27,27.07,30.890000000000001,2,27,12,21,11.66,30.890000000000001,12,21,15,14,7.6200000000000001,30.890000000000001,15,14,12,7,7.6200000000000001,30.890000000000001,12,7,0,0,13.890000000000001,30.890000000000001
2,15,0,2,4,13.6,28.300000000000001,2,4,0,8,4.4699999999999998,28.300000000000001,0,8,0,16,8,28.300000000000001,0,16,2,20,4.4699999999999998,28.300000000000001,2,20,15,24,13.6,28.300000000000001
1,0,0,0,24,24,33.240000000000002,12,0,12,8,8,33.240000000000002,0,24,12,8,20,33.240000000000002,0,24,6,31,9.2200000000000006,33.240000000000002,12,8,6,31,23.77,33.240000000000002
6,15,0,0,5,15.81,24.84,0,5,0,10,5,24.84,0,10,15,16,16.16,24.84,15,0,17,7,7.2800000000000002,24.84,19,7,12,7,7,24.84
2,35,0,13,6,22.800000000000001,50.210000000000001,13,6,0,12,14.32,50.210000000000001,0,12,0,24,12,50.210000000000001,0,24,13,30,14.32,50.210000000000001,13,30,35,36,22.800000000000001,50.210000000000001
3,0,0,2,27,27.07,36.799999999999997,2,27,12,21,11.66,36.799999999999997,12,21,25,14,14.76,36.799999999999997,25,14,12,7,14.76,36.799999999999997,12,7,0,0,13.890000000000001,36.799999999999997
7,0,0,0,24,24,50.57,18,0,19,21,21.02,50.57,0,24,19,21,19.239999999999998,50.57,0,24,2,46,22.09,50.57,19,21,21,35,14.140000000000001,50.57
6,20,0,0,9,21.93,34.060000000000002,0,9,0,18,9,34.060000000000002,0,18,20,26,21.539999999999999,34.060000000000002,20,0,20,9,9,34.060000000000002,22,9,15,9,7,34.060000000000002
1,0,0,0,11,11,26.629999999999999,15,0,15,14,14,26.629999999999999,0,11,15,14,15.300000000000001,26.629999999999999,0,11,2,22,11.18,26.629999999999999,15,14,2,22,15.26,26.629999999999999
9,0,0,0,20,20,34.710000000000001,0,20,2,34,14.140000000000001,34.710000000000001,2,34,7,30,6.4000000000000004,34.710000000000001,7,30,7,24,6,34.710000000000001,7,24,0,18,9.2200000000000006,34.710000000000001
7,0,0,0,11,11,26.93,13,0,14,9,9.0600000000000005,26.93,0,11,14,9,14.140000000000001,26.93,0,11,1,22,11.050000000000001,26.93,14,9,13,23,14.039999999999999,26.93
7,0,0,0,7,7,38.600000000000001,22,0,23,8,8.0600000000000005,38.600000000000001,0,7,23,8,23.02,38.600000000000001,0,7,0,24,17,38.600000000000001,23,8,23,31,23,38.600000000000001
7,0,0,0,19,19,31.620000000000001,7,0,8,7,7.0700000000000003,31.620000000000001,0,19,8,7,14.42,31.620000000000001,0,19,0,30,11,31.620000000000001,8,7,10,14,7.2800000000000002,31.620000000000001
7,0,0,0,9,9,31.239999999999998,22,0,24,9,9.2200000000000006,31.239999999999998,0,9,24,9,24,31.239999999999998,0,9,1,20,11.050000000000001,31.239999999999998,24,9,23,18,9.0600000000000005,31.239999999999998
2,19,0,1,6,18.969999999999999,42.490000000000002,1,6,0,12,6.0800000000000001,42.490000000000002,0,12,0,25,13,42.490000000000002,0,25,1,31,6.0800000000000001,42.490000000000002,1,31,19,38,19.309999999999999,42.490000000000002
9,0,0,0,29,29,50.920000000000002,0,29,0,48,19,50.920000000000002,0,48,17,37,20.25,50.920000000000002,17,37,17,23,14,50.920000000000002,17,23,0,9,22.02,50.920000000000002
7,0,0,0,8,8,35.509999999999998,6,0,6,13,13,35.509999999999998,0,8,6,13,7.8099999999999996,35.509999999999998,0,8,0,15,7,35.509999999999998,6,13,6,35,22,35.509999999999998
7,0,0,0,23,23,42.200000000000003,8,0,9,24,24.02,42.200000000000003,0,23,9,24,9.0600000000000005,42.200000000000003,0,23,1,29,6.0800000000000001,42.200000000000003,9,24,10,41,17.030000000000001,42.200000000000003
9,0,0,0,34,34,55.359999999999999,0,34,2,52,18.109999999999999,55.359999999999999,2,52,19,47,17.719999999999999,55.359999999999999,19,47,19,40,7,55.359999999999999,19,40,0,33,20.25,55.359999999999999
7,0,0,0,23,23,49.729999999999997,13,0,13,28,28,49.729999999999997,0,23,13,28,13.93,49.729999999999997,0,23,2,47,24.079999999999998,49.729999999999997,13,28,12,48,20.02,49.729999999999997
7,0,0,0,14,14,33.619999999999997,16,0,17,9,9.0600000000000005,33.619999999999997,0,14,17,9,17.719999999999999,33.619999999999997,0,14,0,29,15,33.619999999999997,17,9,17,21,12,33.619999999999997
7,0,0,0,16,16,38.600000000000001,9,0,11,12,12.17,38.600000000000001,0,16,11,12,11.699999999999999,38.600000000000001,0,16,1,26,10.050000000000001,38.600000000000001,11,12,9,37,25.079999999999998,38.600000000000001
7,0,0,0,17,17,40.520000000000003,9,0,11,15,15.130000000000001,40.520000000000003,0,17,11,15,11.18,40.520000000000003,0,17,1,29,12.039999999999999,40.520000000000003,11,15,11,39,24,40.520000000000003
7,0,0,0,23,23,44.920000000000002,11,0,11,26,26,44.920000000000002,0,23,11,26,11.4,44.920000000000002,0,23,2,29,6.3200000000000003,44.920000000000002,11,26,13,43,17.120000000000001,44.920000000000002
4,0,0,0,12,12,41.729999999999997,0,12,0,30,18,41.729999999999997,0,12,28,11,28.02,41.729999999999997,0,30,29,28,29.07,41.729999999999997,0,0,15,0,15,41.729999999999997
2,18,0,2,6,17.09,40.25,2,6,0,12,6.3200000000000003,40.25,0,12,0,24,12,40.25,0,24,2,30,6.3200000000000003,40.25,2,30,18,36,17.09,40.25
6,19,0,0,15,24.210000000000001,48.329999999999998,0,15,0,30,15,48.329999999999998,0,30,19,44,23.600000000000001,48.329999999999998,19,0,18,9,9.0600000000000005,48.329999999999998,20,9,14,9,6,48.329999999999998
6,42,0,0,15,44.600000000000001,60.829999999999998,0,15,0,30,15,60.829999999999998,0,30,42,44,44.270000000000003,60.829999999999998,42,0,41,7,7.0700000000000003,60.829999999999998,42,7,37,7,5,60.829999999999998
4,0,0,0,24,24,49.68,0,24,1,38,14.039999999999999,49.68,0,24,31,23,31.02,49.68,1,38,15,38,14,49.68,0,0,32,1,32.020000000000003,49.68
3,0,0,0,30,30,33.539999999999999,0,30,14,24,15.23,33.539999999999999,14,24,15,15,9.0600000000000005,33.539999999999999,15,15,14,8,7.0700000000000003,33.539999999999999,14,8,0,0,16.120000000000001,33.539999999999999
2,22,0,7,6,16.16,42.189999999999998,7,6,0,12,9.2200000000000006,42.189999999999998,0,12,0,24,12,42.189999999999998,0,24,7,30,9.2200000000000006,42.189999999999998,7,30,22,36,16.16,42.189999999999998
2,15,0,7,5,9.4299999999999997,33.539999999999999,7,5,0,10,8.5999999999999996,33.539999999999999,0,10,0,20,10,33.539999999999999,0,20,7,25,8.5999999999999996,33.539999999999999,7,25,15,30,9.4299999999999997,33.539999999999999
4,0,0,0,17,17,43.600000000000001,0,17,2,33,16.120000000000001,43.600000000000001,0,17,26,18,26.02,43.600000000000001,2,33,17,32,15.029999999999999,43.600000000000001,0,0,14,-2,14.140000000000001,43.600000000000001
4,0,0,0,9,9,37.439999999999998,0,9,0,31,22,37.439999999999998,0,9,21,9,21,37.439999999999998,0,31,14,30,14.039999999999999,37.439999999999998,0,0,17,0,17,37.439999999999998
7,0,0,0,21,21,48.469999999999999,15,0,17,12,12.17,48.469999999999999,0,21,17,12,19.239999999999998,48.469999999999999,0,21,1,45,24.02,48.469999999999999,17,12,18,32,20.02,48.469999999999999
7,0,0,0,13,13,33.240000000000002,22,0,23,9,9.0600000000000005,33.240000000000002,0,13,23,9,23.350000000000001,33.240000000000002,0,13,2,24,11.18,33.240000000000002,23,9,21,19,10.199999999999999,33.240000000000002
7,0,0,0,9,9,34.710000000000001,22,0,23,6,6.0800000000000001,34.710000000000001,0,9,23,6,23.190000000000001,34.710000000000001,0,9,1,26,17.030000000000001,34.710000000000001,23,6,22,17,11.050000000000001,34.710000000000001
9,0,0,0,35,35,53.140000000000001,0,35,0,50,15,53.140000000000001,0,50,18,43,19.309999999999999,53.140000000000001,18,43,18,36,7,53.140000000000001,18,36,0,29,19.309999999999999,53.140000000000001
7,0,0,0,20,20,42.049999999999997,15,0,16,24,24.02,42.049999999999997,0,20,16,24,16.489999999999998,42.049999999999997,0,20,0,26,6,42.049999999999997,16,24,18,38,14.140000000000001,42.049999999999997
4,0,0,0,22,22,62.289999999999999,0,22,2,46,24.079999999999998,62.289999999999999,0,22,11,23,11.050000000000001,62.289999999999999,2,46,42,44,40.049999999999997,62.289999999999999,0,0,22,0,22,62.289999999999999
4,0,0,0,9,9,29.210000000000001,0,9,0,22,13,29.210000000000001,0,9,18,7,18.109999999999999,29.210000000000001,0,22,18,23,18.030000000000001,29.210000000000001,0,0,8,0,8,29.210000000000001
4,0,0,0,16,16,39.700000000000003,0,16,1,30,14.039999999999999,39.700000000000003,0,16,15,16,15,39.700000000000003,1,30,14,28,13.15,39.700000000000003,0,0,26,2,26.079999999999998,39.700000000000003
7,0,0,0,15,15,45.219999999999999,25,0,26,16,16.030000000000001,45.219999999999999,0,15,26,16,26.02,45.219999999999999,0,15,1,33,18.030000000000001,45.219999999999999,26,16,24,37,21.100000000000001,45.219999999999999
7,0,0,0,17,17,41.979999999999997,7,0,9,22,22.09,41.979999999999997,0,17,9,22,10.300000000000001,41.979999999999997,0,17,2,41,24.079999999999998,41.979999999999997,9,22,9,35,13,41.979999999999997
4,0,0,0,22,22,53.009999999999998,0,22,1,43,21.02,53.009999999999998,0,22,6,21,6.0800000000000001,53.009999999999998,1,43,30,42,29.02,53.009999999999998,0,0,31,2,31.059999999999999,53.009999999999998
4,0,0,0,17,17,39.700000000000003,0,17,0,30,13,39.700000000000003,0,17,14,17,14,39.700000000000003,0,30,26,29,26.02,39.700000000000003,0,0,7,1,7.0700000000000003,39.700000000000003
4,0,0,0,15,15,32.649999999999999,0,15,0,24,9,32.649999999999999,0,15,21,16,21.02,32.649999999999999,0,24,10,25,10.050000000000001,32.649999999999999,0,0,21,0,21,32.649999999999999
7,0,0,0,25,25,47.130000000000003,12,0,14,6,6.3200000000000003,47.130000000000003,0,25,14,6,23.600000000000001,47.130000000000003,0,25,1,45,20.02,47.130000000000003,14,6,12,15,9.2200000000000006,47.130000000000003
9,0,0,0,32,32,44.380000000000003,0,32,2,41,9.2200000000000006,44.380000000000003,2,41,17,32,17.489999999999998,44.380000000000003,17,32,17,19,13,44.380000000000003,17,19,0,6,21.399999999999999,44.380000000000003
1,0,0,0,17,17,29.530000000000001,12,0,14,21,21.100000000000001,29.530000000000001,0,17,14,21,14.56,29.530000000000001,0,17,6,26,10.82,29.530000000000001,14,21,6,26,9.4299999999999997,29.530000000000001
6,17,0,0,13,21.399999999999999,42.490000000000002,0,13,0,26,13,42.490000000000002,0,26,17,38,20.809999999999999,42.490000000000002,17,0,18,9,9.0600000000000005,42.490000000000002,19,9,13,9,6,42.490000000000002
2,20,0,5,7,16.550000000000001,44.719999999999999,5,7,0,14,8.5999999999999996,44.719999999999999,0,14,0,27,13,44.719999999999999,0,27,5,34,8.5999999999999996,44.719999999999999,5,34,20,40,16.16,44.719999999999999
7,0,0,0,9,9,36.359999999999999,15,0,17,6,6.3200000000000003,36.359999999999999,0,9,17,6,17.260000000000002,36.359999999999999,0,9,0,31,22,36.359999999999999,17,6,19,24,18.109999999999999,36.359999999999999
1,0,0,0,14,14,21.190000000000001,6,0,7,12,12.039999999999999,21.190000000000001,0,14,7,12,7.2800000000000002,21.190000000000001,0,14,5,20,7.8099999999999996,21.190000000000001,7,12,5,20,8.25,21.190000000000001
4,0,0,0,15,15,53.759999999999998,0,15,2,36,21.100000000000001,53.759999999999998,0,15,12,17,12.17,53.759999999999998,2,36,37,38,35.060000000000002,53.759999999999998,0,0,23,-1,23.02,53.759999999999998
1,0,0,0,18,18,29.550000000000001,10,0,12,18,18.109999999999999,29.550000000000001,0,18,12,18,12,29.550000000000001,0,18,4,27,9.8499999999999996,29.550000000000001,12,18,4,27,12.039999999999999,29.550000000000001
4,0,0,0,9,9,43.600000000000001,0,9,0,33,24,43.600000000000001,0,9,9,9,9,43.600000000000001,0,33,19,35,19.100000000000001,43.600000000000001,0,0,26,2,26.079999999999998,43.600000000000001
6,21,0,0,7,22.140000000000001,32.560000000000002,0,7,0,14,7,32.560000000000002,0,14,21,22,22.469999999999999,32.560000000000002,21,0,23,7,7.2800000000000002,32.560000000000002,24,7,20,7,4,32.560000000000002
4,0,0,0,14,14,35.469999999999999,0,14,1,27,13.039999999999999,35.469999999999999,0,14,21,14,21,35.469999999999999,1,27,23,27,22,35.469999999999999,0,0,14,0,14,35.469999999999999
7,0,0,0,19,19,34.890000000000001,14,0,14,11,11,34.890000000000001,0,19,14,11,16.120000000000001,34.890000000000001,0,19,0,31,12,34.890000000000001,14,11,16,17,6.3200000000000003,34.890000000000001
7,0,0,0,18,18,29.149999999999999,12,0,13,7,7.0700000000000003,29.149999999999999,0,18,13,7,17.030000000000001,29.149999999999999,0,18,0,25,7,29.149999999999999,13,7,15,19,12.17,29.149999999999999
6,17,0,0,13,21.399999999999999,42.490000000000002,0,13,0,26,13,42.490000000000002,0,26,17,38,20.809999999999999,42.490000000000002,17,0,17,11,11,42.490000000000002,19,11,14,11,5,42.490000000000002
7,0,0,0,12,12,39.219999999999999,11,0,12,10,10.050000000000001,39.219999999999999,0,12,12,10,12.17,39.219999999999999,0,12,1,37,25.02,39.219999999999999,12,10,13,35,25.02,39.219999999999999
7,0,0,0,23,23,49.340000000000003,11,0,13,18,18.109999999999999,49.340000000000003,0,23,13,18,13.93,49.340000000000003,0,23,2,47,24.079999999999998,49.340000000000003,13,18,15,35,17.120000000000001,49.340000000000003
7,0,0,0,20,20,46.520000000000003,16,0,18,12,12.17,46.520000000000003,0,20,18,12,19.699999999999999,46.520000000000003,0,20,0,42,22,46.520000000000003,18,12,20,30,18.109999999999999,46.520000000000003
3,0,0,2,34,34.060000000000002,38.009999999999998,2,34,14,24,15.619999999999999,38.009999999999998,14,24,17,17,7.6200000000000001,38.009999999999998,17,17,14,8,9.4900000000000002,38.009999999999998,14,8,0,0,16.120000000000001,38.009999999999998
1,0,0,0,17,17,38.079999999999998,9,0,9,17,17,38.079999999999998,0,17,9,17,9,38.079999999999998,0,17,5,37,20.620000000000001,38.079999999999998,9,17,5,37,20.399999999999999,38.079999999999998
7,0,0,0,18,18,38.950000000000003,24,0,26,10,10.199999999999999,38.950000000000003,0,18,26,10,27.199999999999999,38.950000000000003,0,18,0,28,10,38.950000000000003,26,10,26,29,19,38.950000000000003
6,30,0,0,12,32.310000000000002,46.859999999999999,0,12,0,24,12,46.859999999999999,0,24,30,36,32.310000000000002,46.859999999999999,30,0,30,11,11,46.859999999999999,30,11,26,11,4,46.859999999999999
6,29,0,0,15,32.649999999999999,55,0,15,0,30,15,55,0,30,29,44,32.200000000000003,55,29,0,31,7,7.2800000000000002,55,33,7,26,7,7,55
7,0,0,0,16,16,42.200000000000003,8,0,10,18,18.109999999999999,42.200000000000003,0,16,10,18,10.199999999999999,42.200000000000003,0,16,2,22,6.3200000000000003,42.200000000000003,10,18,10,41,23,42.200000000000003
4,0,0,0,21,21,35.229999999999997,0,21,2,29,8.25,35.229999999999997,0,21,18,22,18.030000000000001,35.229999999999997,2,29,20,29,18,35.229999999999997,0,0,14,2,14.140000000000001,35.229999999999997
4,0,0,0,14,14,38.289999999999999,0,14,0,29,15,38.289999999999999,0,14,16,12,16.120000000000001,38.289999999999999,0,29,25,29,25,38.289999999999999,0,0,20,1,20.02,38.289999999999999
7,0,0,0,8,8,37.479999999999997,25,0,26,11,11.050000000000001,37.479999999999997,0,8,26,11,26.170000000000002,37.479999999999997,0,8,1,26,18.030000000000001,37.479999999999997,26,11,27,26,15.029999999999999,37.479999999999997
7,0,0,0,17,17,41.590000000000003,18,0,19,12,12.039999999999999,41.590000000000003,0,17,19,12,19.649999999999999,41.590000000000003,0,17,0,37,20,41.590000000000003,19,12,19,29,17,41.590000000000003
1,0,0,0,15,15,37.479999999999997,25,0,27,9,9.2200000000000006,37.479999999999997,0,15,27,9,27.66,37.479999999999997,0,15,23,26,25.5,37.479999999999997,27,9,23,26,17.460000000000001,37.479999999999997
2,17,0,1,6,17.09,38.009999999999998,1,6,0,12,6.0800000000000001,38.009999999999998,0,12,0,23,11,38.009999999999998,0,23,1,29,6.0800000000000001,38.009999999999998,1,29,17,34,16.760000000000002,38.009999999999998
7,0,0,0,18,18,44.939999999999998,23,0,24,19,19.030000000000001,44.939999999999998,0,18,24,19,24.02,44.939999999999998,0,18,1,38,20.02,44.939999999999998,24,19,24,28,9,44.939999999999998
9,0,0,0,32,32,60.75,0,32,1,57,25.02,60.75,1,57,21,43,24.41,60.75,21,43,21,26,17,60.75,21,26,0,9,27.02,60.75
7,0,0,0,9,9,31.32,8,0,9,9,9.0600000000000005,31.32,0,9,9,9,9,31.32,0,9,2,27,18.109999999999999,31.32,9,9,8,30,21.02,31.32
7,0,0,0,11,11,40,23,0,24,6,6.0800000000000001,40,0,11,24,6,24.52,40,0,11,1,32,21.02,40,24,6,22,22,16.120000000000001,40
4,0,0,0,10,10,22.199999999999999,0,10,2,16,6.3200000000000003,22.199999999999999,0,10,6,10,6,22.199999999999999,2,16,12,18,10.199999999999999,22.199999999999999,0,0,13,2,13.15,22.199999999999999
3,0,0,1,26,26.02,29.07,1,26,10,18,12.039999999999999,29.07,10,18,13,13,5.8300000000000001,29.07,13,13,10,6,7.6200000000000001,29.07,10,6,0,0,11.66,29.07
4,0,0,0,8,8,29.550000000000001,0,8,2,24,16.120000000000001,29.550000000000001,0,8,9,8,9,29.550000000000001,2,24,12,25,10.050000000000001,29.550000000000001,0,0,9,-2,9.2200000000000006,29.550000000000001
4,0,0,0,15,15,44.100000000000001,0,15,0,37,22,44.100000000000001,0,15,14,15,14,44.100000000000001,0,37,24,37,24,44.100000000000001,0,0,19,2,19.100000000000001,44.100000000000001
7,0,0,0,10,10,29.07,11,0,13,8,8.25,29.07,0,10,13,8,13.15,29.07,0,10,0,26,16,29.07,13,8,13,25,17,29.07
3,0,0,1,21,21.02,23.260000000000002,1,21,9,15,10,23.260000000000002,9,15,10,10,5.0999999999999996,23.260000000000002,10,10,9,5,5.0999999999999996,23.260000000000002,9,5,0,0,10.300000000000001,23.260000000000002
3,0,0,1,39,39.009999999999998,43.829999999999998,1,39,17,30,18.359999999999999,43.829999999999998,17,30,20,20,10.44,43.829999999999998,20,20,17,10,10.44,43.829999999999998,17,10,0,0,19.719999999999999,43.829999999999998
7,0,0,0,22,22,42.200000000000003,22,0,23,8,8.0600000000000005,42.200000000000003,0,22,23,8,26.93,42.200000000000003,0,22,2,34,12.17,42.200000000000003,23,8,25,33,25.079999999999998,42.200000000000003
4,0,0,0,8,8,27.800000000000001,0,8,1,20,12.039999999999999,27.800000000000001,0,8,17,8,17,27.800000000000001,1,20,8,22,7.2800000000000002,27.800000000000001,0,0,15,1,15.029999999999999,27.800000000000001
7,0,0,0,22,22,43.659999999999997,14,0,15,19,19.030000000000001,43.659999999999997,0,22,15,19,15.300000000000001,43.659999999999997,0,22,0,41,19,43.659999999999997,15,19,14,27,8.0600000000000005,43.659999999999997
3,0,0,2,20,20.100000000000001,22.359999999999999,2,20,9,15,8.5999999999999996,22.359999999999999,9,15,10,10,5.0999999999999996,22.359999999999999,10,10,9,5,5.0999999999999996,22.359999999999999,9,5,0,0,10.300000000000001,22.359999999999999
3,0,0,0,38,38,49.039999999999999,0,38,25,30,26.25,49.039999999999999,25,30,31,19,12.529999999999999,49.039999999999999,31,19,25,10,10.82,49.039999999999999,25,10,0,0,26.93,49.039999999999999
9,0,0,0,28,28,62.130000000000003,0,28,1,52,24.02,62.130000000000003,1,52,34,43,34.210000000000001,62.130000000000003,34,43,34,30,13,62.130000000000003,34,30,0,17,36.399999999999999,62.130000000000003
7,0,0,0,23,23,48.700000000000003,16,0,16,20,20,48.700000000000003,0,23,16,20,16.280000000000001,48.700000000000003,0,23,0,46,23,48.700000000000003,16,20,15,44,24.02,48.700000000000003
3,0,0,1,24,24.02,28.300000000000001,1,24,10,18,10.82,28.300000000000001,10,18,15,12,7.8099999999999996,28.300000000000001,15,12,10,6,7.8099999999999996,28.300000000000001,10,6,0,0,11.66,28.300000000000001
6,17,0,0,8,18.789999999999999,30.609999999999999,0,8,0,16,8,30.609999999999999,0,16,17,24,18.789999999999999,30.609999999999999,17,0,17,8,8,30.609999999999999,19,8,12,8,7,30.609999999999999
9,0,0,0,31,31,50,0,31,0,48,17,50,0,48,14,41,15.65,50,14,41,14,31,10,50,14,31,0,21,17.199999999999999,50
9,0,0,0,20,20,46.240000000000002,0,20,1,43,23.02,46.240000000000002,1,43,17,32,19.420000000000002,46.240000000000002,17,32,17,19,13,46.240000000000002,17,19,0,6,21.399999999999999,46.240000000000002
4,0,0,0,9,9,31.109999999999999,0,9,2,21,12.17,31.109999999999999,0,9,16,7,16.120000000000001,31.109999999999999,2,21,22,22,20.02,31.109999999999999,0,0,18,2,18.109999999999999,31.109999999999999
7,0,0,0,8,8,36.119999999999997,22,0,24,9,9.2200000000000006,36.119999999999997,0,8,24,9,24.02,36.119999999999997,0,8,2,22,14.140000000000001,36.119999999999997,24,9,24,27,18,36.119999999999997
4,0,0,0,16,16,46.399999999999999,0,16,0,37,21,46.399999999999999,0,16,18,15,18.030000000000001,46.399999999999999,0,37,21,35,21.100000000000001,46.399999999999999,0,0,28,0,28,46.399999999999999
2,18,0,2,6,17.09,40.25,2,6,0,12,6.3200000000000003,40.25,0,12,0,24,12,40.25,0,24,2,30,6.3200000000000003,40.25,2,30,18,36,17.09,40.25
1,0,0,0,13,13,25.239999999999998,14,0,14,12,12,25.239999999999998,0,13,14,12,14.039999999999999,25.239999999999998,0,13,0,21,8,25.239999999999998,14,12,0,21,16.640000000000001,25.239999999999998
1,0,0,0,21,21,47.07,10,0,10,21,21,47.07,0,21,10,21,10,47.07,0,21,8,46,26.25,47.07,10,21,8,46,25.079999999999998,47.07
4,0,0,0,18,18,50.219999999999999,0,18,2,40,22.09,50.219999999999999,0,18,21,18,21,50.219999999999999,2,40,29,41,27.02,50.219999999999999,0,0,9,0,9,50.219999999999999
1,0,0,0,7,7,38.600000000000001,22,0,23,10,10.050000000000001,38.600000000000001,0,7,23,10,23.190000000000001,38.600000000000001,0,7,3,31,24.190000000000001,38.600000000000001,23,10,3,31,29,38.600000000000001
4,0,0,0,19,19,40.359999999999999,0,19,0,30,11,40.359999999999999,0,19,6,17,6.3200000000000003,40.359999999999999,0,30,10,30,10,40.359999999999999,0,0,27,2,27.07,40.359999999999999
4,0,0,0,11,11,48.170000000000002,0,11,2,35,24.079999999999998,48.170000000000002,0,11,11,10,11.050000000000001,48.170000000000002,2,35,32,35,30,48.170000000000002,0,0,22,-1,22.02,48.170000000000002
4,0,0,0,6,6,35.380000000000003,0,6,2,25,19.100000000000001,35.380000000000003,0,6,9,8,9.2200000000000006,35.380000000000003,2,25,17,23,15.130000000000001,35.380000000000003,0,0,24,-1,24.02,35.380000000000003
4,0,0,0,21,21,46.520000000000003,0,21,0,42,21,46.520000000000003,0,21,20,21,20,46.520000000000003,0,42,7,41,7.0700000000000003,46.520000000000003,0,0,13,1,13.039999999999999,46.520000000000003
4,0,0,0,6,6,34.710000000000001,0,6,1,24,18.030000000000001,34.710000000000001,0,6,19,7,19.030000000000001,34.710000000000001,1,24,9,26,8.25,34.710000000000001,0,0,23,2,23.09,34.710000000000001
7,0,0,0,6,6,28.789999999999999,8,0,10,8,8.25,28.789999999999999,0,6,10,8,10.199999999999999,28.789999999999999,0,6,2,25,19.100000000000001,28.789999999999999,10,8,10,27,19,28.789999999999999
7,0,0,0,25,25,49.740000000000002,25,0,25,18,18,49.740000000000002,0,25,25,18,25.960000000000001,49.740000000000002,0,25,1,43,18.030000000000001,49.740000000000002,25,18,25,25,7,49.740000000000002
4,0,0,0,20,20,34.009999999999998,0,20,0,29,9,34.009999999999998,0,20,14,18,14.140000000000001,34.009999999999998,0,29,9,31,9.2200000000000006,34.009999999999998,0,0,11,0,11,34.009999999999998
6,15,0,0,5,15.81,24.84,0,5,0,10,5,24.84,0,10,15,16,16.16,24.84,15,0,17,11,11.18,24.84,19,11,13,11,6,24.84
6,5,0,0,4,6.4000000000000004,13.890000000000001,0,4,0,8,4,13.890000000000001,0,8,5,12,6.4000000000000004,13.890000000000001,5,0,4,8,8.0600000000000005,13.890000000000001,7,8,2,8,5,13.890000000000001
7,0,0,0,14,14,34.710000000000001,20,0,22,12,12.17,34.710000000000001,0,14,22,12,22.09,34.710000000000001,0,14,1,26,12.039999999999999,34.710000000000001,22,12,23,25,13.039999999999999,34.710000000000001
2,18,0,7,6,12.529999999999999,40.25,7,6,0,12,9.2200000000000006,40.25,0,12,0,24,12,40.25,0,24,7,30,9.2200000000000006,40.25,7,30,18,36,12.529999999999999,40.25
1,0,0,0,11,11,40.460000000000001,25,0,26,11,11.050000000000001,40.460000000000001,0,11,26,11,26,40.460000000000001,0,11,14,31,24.41,40.460000000000001,26,11,14,31,23.32,40.460000000000001
4,0,0,0,10,10,28.600000000000001,0,10,1,20,10.050000000000001,28.600000000000001,0,10,17,12,17.120000000000001,28.600000000000001,1,20,14,21,13.039999999999999,28.600000000000001,0,0,8,-2,8.25,28.600000000000001
7,0,0,0,21,21,36.880000000000003,24,0,24,18,18,36.880000000000003,0,21,24,18,24.190000000000001,36.880000000000003,0,21,1,27,6.0800000000000001,36.880000000000003,24,18,24,28,10,36.880000000000003
3,0,0,0,25,25,33.299999999999997,0,25,17,18,18.379999999999999,33.299999999999997,17,18,22,12,7.8099999999999996,33.299999999999997,22,12,17,6,7.8099999999999996,33.299999999999997,17,6,0,0,18.030000000000001,33.299999999999997
4,0,0,0,7,7,31.059999999999999,0,7,0,26,19,31.059999999999999,0,7,10,5,10.199999999999999,31.059999999999999,0,26,7,26,7,31.059999999999999,0,0,17,1,17.030000000000001,31.059999999999999
6,7,0,0,5,8.5999999999999996,16.120000000000001,0,5,0,10,5,16.120000000000001,0,10,7,14,8.0600000000000005,16.120000000000001,7,0,8,9,9.0600000000000005,16.120000000000001,8,9,5,9,3,16.120000000000001
7,0,0,0,11,11,35.359999999999999,15,0,16,6,6.0800000000000001,35.359999999999999,0,11,16,6,16.760000000000002,35.359999999999999,0,11,1,21,10.050000000000001,35.359999999999999,16,6,17,31,25.02,35.359999999999999
1,0,0,0,12,12,36.719999999999999,17,0,18,12,12.039999999999999,36.719999999999999,0,12,18,12,18,36.719999999999999,0,12,14,32,24.41,36.719999999999999,18,12,14,32,20.399999999999999,36.719999999999999
7,0,0,0,8,8,34.479999999999997,15,0,17,9,9.2200000000000006,34.479999999999997,0,8,17,9,17.030000000000001,34.479999999999997,0,8,0,29,21,34.479999999999997,17,9,15,30,21.100000000000001,34.479999999999997
2,19,0,5,6,15.23,42.490000000000002,5,6,0,12,7.8099999999999996,42.490000000000002,0,12,0,25,13,42.490000000000002,0,25,5,31,7.8099999999999996,42.490000000000002,5,31,19,38,15.65,42.490000000000002
7,0,0,0,20,20,47.380000000000003,6,0,6,23,23,47.380000000000003,0,20,6,23,6.71,47.380000000000003,0,20,0,35,15,47.380000000000003,6,23,6,47,24,47.380000000000003
7,0,0,0,25,25,52.609999999999999,8,0,8,27,27,52.609999999999999,0,25,8,27,8.25,52.609999999999999,0,25,2,46,21.100000000000001,52.609999999999999,8,27,7,52,25.02,52.609999999999999
6,37,0,0,13,39.219999999999999,55.170000000000002,0,13,0,26,13,55.170000000000002,0,26,37,40,39.560000000000002,55.170000000000002,37,0,36,6,6.0800000000000001,55.170000000000002,38,6,32,6,6,55.170000000000002
4,0,0,0,21,21,38.420000000000002,0,21,0,30,9,38.420000000000002,0,21,13,21,13,38.420000000000002,0,30,24,29,24.02,38.420000000000002,0,0,9,0,9,38.420000000000002
3,0,0,0,22,22,24.600000000000001,0,22,10,18,10.77,24.600000000000001,10,18,11,11,7.0700000000000003,24.600000000000001,11,11,10,6,5.0999999999999996,24.600000000000001,10,6,0,0,11.66,24.600000000000001
4,0,0,0,12,12,23.850000000000001,0,12,0,18,6,23.850000000000001,0,12,11,10,11.18,23.850000000000001,0,18,8,18,8,23.850000000000001,0,0,13,-2,13.15,23.850000000000001
4,0,0,0,17,17,39.200000000000003,0,17,0,31,14,39.200000000000003,0,17,16,17,16,39.200000000000003,0,31,24,31,24,39.200000000000003,0,0,8,0,8,39.200000000000003
2,21,0,3,6,18.969999999999999,41.68,3,6,0,12,6.71,41.68,0,12,0,24,12,41.68,0,24,3,30,6.71,41.68,3,30,21,36,18.969999999999999,41.68
4,0,0,0,12,12,47.009999999999998,0,12,0,36,24,47.009999999999998,0,12,29,11,29.02,47.009999999999998,0,36,6,36,6,47.009999999999998,0,0,14,-1,14.039999999999999,47.009999999999998
7,0,0,0,7,7,27.800000000000001,19,0,21,11,11.18,27.800000000000001,0,7,21,11,21.379999999999999,27.800000000000001,0,7,2,17,10.199999999999999,27.800000000000001,21,11,22,17,6.0800000000000001,27.800000000000001
4,0,0,0,17,17,38.280000000000001,0,17,1,33,16.030000000000001,38.280000000000001,0,17,6,19,6.3200000000000003,38.280000000000001,1,33,9,35,8.25,38.280000000000001,0,0,13,-1,13.039999999999999,38.280000000000001
7,0,0,0,14,14,35.170000000000002,9,0,9,16,16,35.170000000000002,0,14,9,16,9.2200000000000006,35.170000000000002,0,14,2,34,20.100000000000001,35.170000000000002,9,16,7,33,17.120000000000001,35.170000000000002
2,17,0,2,6,16.16,38.009999999999998,2,6,0,12,6.3200000000000003,38.009999999999998,0,12,0,23,11,38.009999999999998,0,23,2,29,6.3200000000000003,38.009999999999998,2,29,17,34,15.81,38.009999999999998
2,14,0,7,5,8.5999999999999996,31.300000000000001,7,5,0,10,8.5999999999999996,31.300000000000001,0,10,0,19,9,31.300000000000001,0,19,7,24,8.5999999999999996,31.300000000000001,7,24,14,28,8.0600000000000005,31.300000000000001
1,0,0,0,10,10,37.219999999999999,18,0,19,8,8.0600000000000005,37.219999999999999,0,10,19,8,19.100000000000001,37.219999999999999,0,10,10,32,24.170000000000002,37.219999999999999,19,8,10,32,25.629999999999999,37.219999999999999
2,14,0,2,5,13,31.300000000000001,2,5,0,10,5.3899999999999997,31.300000000000001,0,10,0,19,9,31.300000000000001,0,19,2,24,5.3899999999999997,31.300000000000001,2,24,14,28,12.65,31.300000000000001
2,20,0,5,5,15.81,37.740000000000002,5,5,0,10,7.0700000000000003,37.740000000000002,0,10,0,21,11,37.740000000000002,0,21,5,26,7.0700000000000003,37.740000000000002,5,26,20,32,16.16,37.740000000000002
4,0,0,0,11,11,34.060000000000002,0,11,2,26,15.130000000000001,34.060000000000002,0,11,20,13,20.100000000000001,34.060000000000002,2,26,22,26,20,34.060000000000002,0,0,7,0,7,34.060000000000002
6,7,0,0,5,8.5999999999999996,18.359999999999999,0,5,0,10,5,18.359999999999999,0,10,7,16,9.2200000000000006,18.359999999999999,7,0,7,8,8,18.359999999999999,9,8,2,8,7,18.359999999999999
4,0,0,0,25,25,60.880000000000003,0,25,1,44,19.030000000000001,60.880000000000003,0,25,26,25,26,60.880000000000003,1,44,33,44,32,60.880000000000003,0,0,41,-1,41.009999999999998,60.880000000000003
4,0,0,0,11,11,51.659999999999997,0,11,2,36,25.079999999999998,51.659999999999997,0,11,18,13,18.109999999999999,51.659999999999997,2,36,19,36,17,51.659999999999997,0,0,35,-2,35.060000000000002,51.659999999999997
6,14,0,0,11,17.800000000000001,37.159999999999997,0,11,0,22,11,37.159999999999997,0,22,14,34,18.440000000000001,37.159999999999997,14,0,12,8,8.25,37.159999999999997,15,8,9,8,6,37.159999999999997
4,0,0,0,25,25,70.709999999999994,0,25,1,50,25.02,70.709999999999994,0,25,11,25,11,70.709999999999994,1,50,50,50,49,70.709999999999994,0,0,9,0,9,70.709999999999994
6,19,0,0,12,22.469999999999999,41.18,0,12,0,24,12,41.18,0,24,19,36,22.469999999999999,41.18,19,0,19,7,7,41.18,20,7,14,7,6,41.18
3,0,0,1,26,26.02,32.200000000000003,1,26,14,18,15.26,32.200000000000003,14,18,19,13,7.0700000000000003,32.200000000000003,19,13,14,6,8.5999999999999996,32.200000000000003,14,6,0,0,15.23,32.200000000000003
9,0,0,0,24,24,49.979999999999997,0,24,0,47,23,49.979999999999997,0,47,17,34,21.399999999999999,49.979999999999997,17,34,17,20,14,49.979999999999997,17,20,0,6,22.02,49.979999999999997
6,8,0,0,6,10,21.100000000000001,0,6,0,12,6,21.100000000000001,0,12,8,18,10,21.100000000000001,8,0,9,11,11.050000000000001,21.100000000000001,11,11,4,11,7,21.100000000000001
2,17,0,6,3,11.4,26.25,6,3,0,6,6.71,26.25,0,6,0,13,7,26.25,0,13,6,16,6.71,26.25,6,16,17,20,11.699999999999999,26.25
1,0,0,0,20,20,41.590000000000003,6,0,7,22,22.02,41.590000000000003,0,20,7,22,7.2800000000000002,41.590000000000003,0,20,3,41,21.210000000000001,41.590000000000003,7,22,3,41,19.420000000000002,41.590000000000003
7,0,0,0,25,25,50.009999999999998,9,0,10,25,25.02,50.009999999999998,0,25,10,25,10,50.009999999999998,0,25,1,49,24.02,50.009999999999998,10,25,10,32,7,50.009999999999998
1,0,0,0,15,15,25.5,9,0,11,18,18.109999999999999,25.5,0,15,11,18,11.4,25.5,0,15,1,23,8.0600000000000005,25.5,11,18,1,23,11.18,25.5
7,0,0,0,18,18,41.229999999999997,12,0,14,21,21.100000000000001,41.229999999999997,0,18,14,21,14.32,41.229999999999997,0,18,1,34,16.030000000000001,41.229999999999997,14,21,16,38,17.120000000000001,41.229999999999997
7,0,0,0,18,18,48.850000000000001,19,0,19,22,22,48.850000000000001,0,18,19,22,19.420000000000002,48.850000000000001,0,18,0,31,13,48.850000000000001,19,22,19,45,23,48.850000000000001
9,0,0,0,23,23,32.57,0,23,1,31,8.0600000000000005,32.57,1,31,10,30,9.0600000000000005,32.57,10,30,10,25,5,32.57,10,25,0,20,11.18,32.57
4,0,0,0,13,13,50.329999999999998,0,13,1,38,25.02,50.329999999999998,0,13,28,13,28,50.329999999999998,1,38,33,37,32.020000000000003,50.329999999999998,0,0,11,0,11,50.329999999999998
1,0,0,0,24,24,30.59,6,0,6,13,13,30.59,0,24,6,13,12.529999999999999,30.59,0,24,2,30,6.3200000000000003,30.59,6,13,2,30,17.460000000000001,30.59
6,17,0,0,13,21.399999999999999,42.490000000000002,0,13,0,26,13,42.490000000000002,0,26,17,38,20.809999999999999,42.490000000000002,17,0,15,7,7.2800000000000002,42.490000000000002,19,7,14,7,5,42.490000000000002
2,18,0,9,6,10.82,40.25,9,6,0,12,10.82,40.25,0,12,0,24,12,40.25,0,24,9,30,10.82,40.25,9,30,18,36,10.82,40.25
2,22,0,12,6,11.66,42.189999999999998,12,6,0,12,13.42,42.189999999999998,0,12,0,24,12,42.189999999999998,0,24,12,30,13.42,42.189999999999998,12,30,22,36,11.66,42.189999999999998
3,0,0,1,33,33.020000000000003,36.670000000000002,1,33,14,24,15.81,36.670000000000002,14,24,16,16,8.25,36.670000000000002,16,16,14,8,8.25,36.670000000000002,14,8,0,0,16.120000000000001,36.670000000000002
6,17,0,0,7,18.379999999999999,27.59,0,7,0,14,7,27.59,0,14,17,20,18.030000000000001,27.59,17,0,15,8,8.25,27.59,19,8,13,8,6,27.59
4,0,0,0,18,18,37.009999999999998,0,18,0,29,11,37.009999999999998,0,18,23,18,23,37.009999999999998,0,29,14,29,14,37.009999999999998,0,0,6,2,6.3200000000000003,37.009999999999998
6,30,0,0,13,32.700000000000003,49.039999999999999,0,13,0,26,13,49.039999999999999,0,26,30,38,32.310000000000002,49.039999999999999,30,0,30,7,7,49.039999999999999,31,7,26,7,5,49.039999999999999
4,0,0,0,16,16,38.829999999999998,0,16,2,32,16.120000000000001,38.829999999999998,0,16,8,18,8.25,38.829999999999998,2,32,22,30,20.100000000000001,38.829999999999998,0,0,19,0,19,38.829999999999998
4,0,0,0,21,21,58.009999999999998,0,21,1,45,24.02,58.009999999999998,0,21,22,21,22,58.009999999999998,1,45,25,43,24.079999999999998,58.009999999999998,0,0,34,-2,34.060000000000002,58.009999999999998
4,0,0,0,6,6,42.009999999999998,0,6,1,31,25.02,42.009999999999998,0,6,21,6,21,42.009999999999998,1,31,11,32,10.050000000000001,42.009999999999998,0,0,26,-1,26.02,42.009999999999998
6,37,0,0,15,39.920000000000002,58.799999999999997,0,15,0,30,15,58.799999999999997,0,30,37,44,39.560000000000002,58.799999999999997,37,0,39,10,10.199999999999999,58.799999999999997,39,10,34,10,5,58.799999999999997
4,0,0,0,18,18,29.68,0,18,1,24,6.0800000000000001,29.68,0,18,6,16,6.3200000000000003,29.68,1,24,16,25,15.029999999999999,29.68,0,0,12,1,12.039999999999999,29.68
2,15,0,2,4,13.6,26.629999999999999,2,4,0,8,4.4699999999999998,26.629999999999999,0,8,0,15,7,26.629999999999999,0,15,2,19,4.4699999999999998,26.629999999999999,2,19,15,22,13.34,26.629999999999999
4,0,0,0,16,16,47.710000000000001,0,16,1,36,20.02,47.710000000000001,0,16,26,18,26.079999999999998,47.710000000000001,1,36,14,38,13.15,47.710000000000001,0,0,25,-2,25.079999999999998,47.710000000000001
6,5,0,0,4,6.4000000000000004,13.890000000000001,0,4,0,8,4,13.890000000000001,0,8,5,12,6.4000000000000004,13.890000000000001,5,0,5,11,11,13.890000000000001,7,11,0,11,7,13.890000000000001
7,0,0,0,14,14,31.02,10,0,11,18,18.030000000000001,31.02,0,14,11,18,11.699999999999999,31.02,0,14,1,26,12.039999999999999,31.02,11,18,11,29,11,31.02
7,0,0,0,18,18,47.200000000000003,25,0,26,16,16.030000000000001,47.200000000000003,0,18,26,16,26.079999999999998,47.200000000000003,0,18,1,38,20.02,47.200000000000003,26,16,28,34,18.109999999999999,47.200000000000003
4,0,0,0,22,22,54.200000000000003,0,22,0,47,25,54.200000000000003,0,22,21,20,21.100000000000001,54.200000000000003,0,47,27,45,27.07,54.200000000000003,0,0,22,0,22,54.200000000000003
9,0,0,0,28,28,38.479999999999997,0,28,1,35,7.0700000000000003,38.479999999999997,1,35,16,26,17.489999999999998,38.479999999999997,16,26,16,16,10,38.479999999999997,16,16,0,6,18.870000000000001,38.479999999999997
1,0,0,0,20,20,49.659999999999997,19,0,21,14,14.140000000000001,49.659999999999997,0,20,21,14,21.84,49.659999999999997,0,20,20,45,32.020000000000003,49.659999999999997,21,14,20,45,31.02,49.659999999999997
3,0,0,1,35,35.009999999999998,46.75,1,35,16,27,17,46.75,16,27,31,18,17.489999999999998,46.75,31,18,16,9,17.489999999999998,46.75,16,9,0,0,18.359999999999999,46.75
1,0,0,0,14,14,39.810000000000002,8,0,8,14,14,39.810000000000002,0,14,8,14,8,39.810000000000002,0,14,3,39,25.18,39.810000000000002,8,14,3,39,25.5,39.810000000000002
3,0,0,1,25,25.02,31.399999999999999,1,25,17,18,17.460000000000001,31.399999999999999,17,18,19,12,6.3200000000000003,31.399999999999999,19,12,17,6,6.3200000000000003,31.399999999999999,17,6,0,0,18.030000000000001,31.399999999999999
3,0,0,2,30,30.07,38.420000000000002,2,30,21,24,19.920000000000002,38.420000000000002,21,24,24,15,9.4900000000000002,38.420000000000002,24,15,21,8,7.6200000000000001,38.420000000000002,21,8,0,0,22.469999999999999,38.420000000000002
4,0,0,0,6,6,36.880000000000003,0,6,0,26,20,36.880000000000003,0,6,19,7,19.030000000000001,36.880000000000003,0,26,22,24,22.09,36.880000000000003,0,0,24,-2,24.079999999999998,36.880000000000003
6,7,0,0,5,8.5999999999999996,17.460000000000001,0,5,0,10,5,17.460000000000001,0,10,7,16,9.2200000000000006,17.460000000000001,7,0,6,10,10.050000000000001,17.460000000000001,7,10,3,10,4,17.460000000000001
4,0,0,0,22,22,35,0,22,0,28,6,35,0,22,21,20,21.100000000000001,35,0,28,20,28,20,35,0,0,19,2,19.100000000000001,35
6,29,0,0,13,31.780000000000001,50,0,13,0,26,13,50,0,26,29,40,32.200000000000003,50,29,0,28,8,8.0600000000000005,50,30,8,25,8,5,50
1,0,0,0,10,10,32.530000000000001,23,0,23,14,14,32.530000000000001,0,10,23,14,23.350000000000001,32.530000000000001,0,10,13,23,18.379999999999999,32.530000000000001,23,14,13,23,13.449999999999999,32.530000000000001
7,0,0,0,14,14,41.340000000000003,21,0,21,7,7,41.340000000000003,0,14,21,7,22.140000000000001,41.340000000000003,0,14,0,35,21,41.340000000000003,21,7,22,21,14.039999999999999,41.340000000000003
3,0,0,1,38,38.009999999999998,42.490000000000002,1,38,17,30,17.890000000000001,42.490000000000002,17,30,19,19,11.18,42.490000000000002,19,19,17,10,9.2200000000000006,42.490000000000002,17,10,0,0,19.719999999999999,42.490000000000002
4,0,0,0,16,16,33.289999999999999,0,16,0,26,10,33.289999999999999,0,16,10,14,10.199999999999999,33.289999999999999,0,26,18,28,18.109999999999999,33.289999999999999,0,0,9,0,9,33.289999999999999
4,0,0,0,18,18,48.270000000000003,0,18,0,37,19,48.270000000000003,0,18,14,18,14,48.270000000000003,0,37,7,35,7.2800000000000002,48.270000000000003,0,0,31,1,31.02,48.270000000000003
3,0,0,2,39,39.049999999999997,49.82,2,39,26,30,25.629999999999999,49.82,26,30,31,20,11.18,49.82,31,20,26,10,11.18,49.82,26,10,0,0,27.859999999999999,49.82
6,30,0,0,15,33.539999999999999,53.25,0,15,0,30,15,53.25,0,30,30,44,33.109999999999999,53.25,30,0,30,10,10,53.25,30,10,27,10,3,53.25
2,26,0,17,6,10.82,42.799999999999997,17,6,0,12,18.030000000000001,42.799999999999997,0,12,0,23,11,42.799999999999997,0,23,17,29,18.030000000000001,42.799999999999997,17,29,26,34,10.300000000000001,42.799999999999997
3,0,0,1,31,31.02,43.140000000000001,1,31,20,24,20.25,43.140000000000001,20,24,30,16,12.81,43.140000000000001,30,16,20,8,12.81,43.140000000000001,20,8,0,0,21.539999999999999,43.140000000000001
7,0,0,0,14,14,30.890000000000001,13,0,13,14,14,30.890000000000001,0,14,13,14,13,30.890000000000001,0,14,2,24,10.199999999999999,30.890000000000001,13,14,15,27,13.15,30.890000000000001
6,22,0,0,9,23.77,34.060000000000002,0,9,0,18,9,34.060000000000002,0,18,22,26,23.41,34.060000000000002,22,0,22,6,6,34.060000000000002,22,6,19,6,3,34.060000000000002
7,0,0,0,10,10,29,17,0,19,6,6.3200000000000003,29,0,10,19,6,19.420000000000002,29,0,10,0,21,11,29,19,6,20,18,12.039999999999999,29
7,0,0,0,16,16,37.850000000000001,6,0,8,14,14.140000000000001,37.850000000000001,0,16,8,14,8.25,37.850000000000001,0,16,0,22,6,37.850000000000001,8,14,8,37,23,37.850000000000001
7,0,0,0,6,6,25.5,16,0,17,10,10.050000000000001,25.5,0,6,17,10,17.460000000000001,25.5,0,6,2,18,12.17,25.5,17,10,15,19,9.2200000000000006,25.5
7,0,0,0,23,23,50,12,0,14,24,24.079999999999998,50,0,23,14,24,14.039999999999999,50,0,23,0,48,25,50,14,24,14,39,15,50
4,0,0,0,8,8,34.659999999999997,0,8,2,25,17.120000000000001,34.659999999999997,0,8,24,7,24.02,34.659999999999997,2,25,22,25,20,34.659999999999997,0,0,23,2,23.09,34.659999999999997
7,0,0,0,6,6,33.619999999999997,15,0,16,10,10.050000000000001,33.619999999999997,0,6,16,10,16.489999999999998,33.619999999999997,0,6,1,29,23.02,33.619999999999997,16,10,17,20,10.050000000000001,33.619999999999997
9,0,0,0,37,37,56.039999999999999,0,37,1,54,17.030000000000001,56.039999999999999,1,54,15,48,15.23,56.039999999999999,15,48,15,39,9,56.039999999999999,15,39,0,30,17.489999999999998,56.039999999999999
4,0,0,0,17,17,53.810000000000002,0,17,0,40,23,53.810000000000002,0,17,36,15,36.060000000000002,53.810000000000002,0,40,12,40,12,53.810000000000002,0,0,27,0,27,53.810000000000002
4,0,0,0,14,14,26.629999999999999,0,14,0,20,6,26.629999999999999,0,14,15,14,15,26.629999999999999,0,20,7,19,7.0700000000000003,26.629999999999999,0,0,7,-2,7.2800000000000002,26.629999999999999
1,0,0,0,13,13,30.079999999999998,7,0,8,15,15.029999999999999,30.079999999999998,0,13,8,15,8.25,30.079999999999998,0,13,2,29,16.120000000000001,30.079999999999998,8,15,2,29,15.23,30.079999999999998
4,0,0,0,16,16,37.439999999999998,0,16,1,28,12.039999999999999,37.439999999999998,0,16,20,14,20.100000000000001,37.439999999999998,1,28,21,30,20.100000000000001,37.439999999999998,0,0,16,-1,16.030000000000001,37.439999999999998
4,0,0,0,12,12,48.920000000000002,0,12,0,36,24,48.920000000000002,0,12,11,10,11.18,48.920000000000002,0,36,32,37,32.020000000000003,48.920000000000002,0,0,29,1,29.02,48.920000000000002
7,0,0,0,15,15,44.100000000000001,23,0,24,12,12.039999999999999,44.100000000000001,0,15,24,12,24.190000000000001,44.100000000000001,0,15,2,28,13.15,44.100000000000001,24,12,24,37,25,44.100000000000001
4,0,0,0,13,13,29.829999999999998,0,13,2,21,8.25,29.829999999999998,0,13,9,13,9,29.829999999999998,2,21,11,21,9,29.829999999999998,0,0,19,-2,19.100000000000001,29.829999999999998
3,0,0,0,24,24,27.289999999999999,0,24,10,18,11.66,27.289999999999999,10,18,13,12,6.71,27.289999999999999,13,12,10,6,6.71,27.289999999999999,10,6,0,0,11.66,27.289999999999999
7,0,0,0,7,7,38.280000000000001,21,0,21,10,10,38.280000000000001,0,7,21,10,21.210000000000001,38.280000000000001,0,7,2,32,25.079999999999998,38.280000000000001,21,10,21,24,14,38.280000000000001
7,0,0,0,17,17,28.23,10,0,11,20,20.02,28.23,0,17,11,20,11.4,28.23,0,17,0,26,9,28.23,11,20,10,26,6.0800000000000001,28.23
4,0,0,0,14,14,45.280000000000001,0,14,2,32,18.109999999999999,45.280000000000001,0,14,10,16,10.199999999999999,45.280000000000001,2,32,20,33,18.030000000000001,45.280000000000001,0,0,31,1,31.02,45.280000000000001
2,16,0,8,5,9.4299999999999997,35.780000000000001,8,5,0,10,9.4299999999999997,35.780000000000001,0,10,0,21,11,35.780000000000001,0,21,8,26,9.4299999999999997,35.780000000000001,8,26,16,32,10,35.780000000000001
6,7,0,0,5,8.5999999999999996,17.199999999999999,0,5,0,10,5,17.199999999999999,0,10,7,14,8.0600000000000005,17.199999999999999,7,0,8,6,6.0800000000000001,17.199999999999999,10,6,4,6,6,17.199999999999999
2,17,0,9,5,9.4299999999999997,36.240000000000002,9,5,0,10,10.300000000000001,36.240000000000002,0,10,0,21,11,36.240000000000002,0,21,9,26,10.300000000000001,36.240000000000002,9,26,17,32,10,36.240000000000002
4,0,0,0,10,10,21.93,0,10,0,16,6,21.93,0,10,10,11,10.050000000000001,21.93,0,16,15,16,15,21.93,0,0,7,1,7.0700000000000003,21.93
7,0,0,0,6,6,25.940000000000001,11,0,12,6,6.0800000000000001,25.940000000000001,0,6,12,6,12,25.940000000000001,0,6,2,23,17.120000000000001,25.940000000000001,12,6,10,12,6.3200000000000003,25.940000000000001
3,0,0,1,30,30.02,39.700000000000003,1,30,18,24,18.030000000000001,39.700000000000003,18,24,26,15,12.039999999999999,39.700000000000003,26,15,18,8,10.630000000000001,39.700000000000003,18,8,0,0,19.699999999999999,39.700000000000003
7,0,0,0,17,17,36.399999999999999,11,0,13,17,17.120000000000001,36.399999999999999,0,17,13,17,13,36.399999999999999,0,17,0,34,17,36.399999999999999,13,17,11,24,7.2800000000000002,36.399999999999999
1,0,0,0,12,12,30.41,14,0,14,12,12,30.41,0,12,14,12,14,30.41,0,12,8,27,17,30.41,14,12,8,27,16.16,30.41
9,0,0,0,35,35,61.030000000000001,0,35,1,58,23.02,61.030000000000001,1,58,19,47,21.100000000000001,61.030000000000001,19,47,19,34,13,61.030000000000001,19,34,0,21,23.02,61.030000000000001
4,0,0,0,13,13,46.689999999999998,0,13,2,32,19.100000000000001,46.689999999999998,0,13,28,12,28.02,46.689999999999998,2,32,32,34,30.07,46.689999999999998,0,0,24,0,24,46.689999999999998
3,0,0,2,34,34.060000000000002,38.009999999999998,2,34,14,24,15.619999999999999,38.009999999999998,14,24,17,17,7.6200000000000001,38.009999999999998,17,17,14,8,9.4900000000000002,38.009999999999998,14,8,0,0,16.120000000000001,38.009999999999998
7,0,0,0,19,19,34.009999999999998,14,0,14,22,22,34.009999999999998,0,19,14,22,14.32,34.009999999999998,0,19,1,31,12.039999999999999,34.009999999999998,14,22,14,28,6,34.009999999999998
7,0,0,0,7,7,34,12,0,14,7,7.2800000000000002,34,0,7,14,7,14,34,0,7,0,30,23,34,14,7,16,17,10.199999999999999,34
4,0,0,0,6,6,34.829999999999998,0,6,0,25,19,34.829999999999998,0,6,11,7,11.050000000000001,34.829999999999998,0,25,21,26,21.02,34.829999999999998,0,0,22,-1,22.02,34.829999999999998
9,0,0,0,30,30,57.43,0,30,0,47,17,57.43,0,47,33,34,35.469999999999999,57.43,33,34,33,20,14,57.43,33,20,0,6,35.850000000000001,57.43
4,0,0,0,11,11,50.210000000000001,0,11,2,35,24.079999999999998,50.210000000000001,0,11,18,12,18.030000000000001,50.210000000000001,2,35,36,34,34.009999999999998,50.210000000000001,0,0,19,0,19,50.210000000000001
3,0,0,1,29,29.02,32.200000000000003,1,29,12,21,13.6,32.200000000000003,12,21,14,14,7.2800000000000002,32.200000000000003,14,14,12,7,7.2800000000000002,32.200000000000003,12,7,0,0,13.890000000000001,32.200000000000003
1,0,0,0,14,14,38.079999999999998,15,0,15,16,16,38.079999999999998,0,14,15,16,15.130000000000001,38.079999999999998,0,14,2,35,21.100000000000001,38.079999999999998,15,16,2,35,23.02,38.079999999999998
3,0,0,1,31,31.02,34.890000000000001,1,31,14,24,14.76,34.890000000000001,14,24,16,16,8.25,34.890000000000001,16,16,14,8,8.25,34.890000000000001,14,8,0,0,16.120000000000001,34.890000000000001
2,34,0,24,6,11.66,50.990000000000002,24,6,0,12,24.739999999999998,50.990000000000002,0,12,0,25,13,50.990000000000002,0,25,24,31,24.739999999999998,50.990000000000002,24,31,34,38,12.210000000000001,50.990000000000002
7,0,0,0,21,21,47.409999999999997,22,0,22,24,24,47.409999999999997,0,21,22,24,22.199999999999999,47.409999999999997,0,21,1,42,21.02,47.409999999999997,22,24,22,32,8,47.409999999999997
2,16,0,9,5,8.5999999999999996,32.25,9,5,0,10,10.300000000000001,32.25,0,10,0,19,9,32.25,0,19,9,24,10.300000000000001,32.25,9,24,16,28,8.0600000000000005,32.25
1,0,0,0,20,20,46.100000000000001,19,0,19,8,8,46.100000000000001,0,20,19,8,22.469999999999999,46.100000000000001,0,20,8,42,23.41,46.100000000000001,19,8,8,42,35.740000000000002,46.100000000000001
6,12,0,0,9,15,31.300000000000001,0,9,0,18,9,31.300000000000001,0,18,12,28,15.619999999999999,31.300000000000001,12,0,13,6,6.0800000000000001,31.300000000000001,14,6,10,6,4,31.300000000000001
6,17,0,0,14,22.02,46.100000000000001,0,14,0,28,14,46.100000000000001,0,28,17,42,22.02,46.100000000000001,17,0,17,10,10,46.100000000000001,19,10,14,10,5,46.100000000000001
4,0,0,0,6,6,17.800000000000001,0,6,2,12,6.3200000000000003,17.800000000000001,0,6,8,4,8.25,17.800000000000001,2,12,11,14,9.2200000000000006,17.800000000000001,0,0,11,0,11,17.800000000000001
3,0,0,1,21,21.02,23.260000000000002,1,21,9,15,10,23.260000000000002,9,15,10,10,5.0999999999999996,23.260000000000002,10,10,9,5,5.0999999999999996,23.260000000000002,9,5,0,0,10.300000000000001,23.260000000000002
3,0,0,2,39,39.049999999999997,43.829999999999998,2,39,17,30,17.489999999999998,43.829999999999998,17,30,20,20,10.44,43.829999999999998,20,20,17,10,10.44,43.829999999999998,17,10,0,0,19.719999999999999,43.829999999999998
4,0,0,0,18,18,44.649999999999999,0,18,2,37,19.100000000000001,44.649999999999999,0,18,6,18,6,44.649999999999999,2,37,25,37,23,44.649999999999999,0,0,24,2,24.079999999999998,44.649999999999999
7,0,0,0,9,9,39.200000000000003,20,0,22,7,7.2800000000000002,39.200000000000003,0,9,22,7,22.09,39.200000000000003,0,9,2,23,14.140000000000001,39.200000000000003,22,7,24,31,24.079999999999998,39.200000000000003
7,0,0,0,8,8,42.640000000000001,25,0,27,12,12.17,42.640000000000001,0,8,27,12,27.289999999999999,42.640000000000001,0,8,1,33,25.02,42.640000000000001,27,12,25,20,8.25,42.640000000000001
4,0,0,0,13,13,41.770000000000003,0,13,2,29,16.120000000000001,41.770000000000003,0,13,6,13,6,41.770000000000003,2,29,28,31,26.079999999999998,41.770000000000003,0,0,13,0,13,41.770000000000003
1,0,0,0,20,20,40.850000000000001,13,0,15,12,12.17,40.850000000000001,0,20,15,12,17,40.850000000000001,0,20,8,38,19.699999999999999,40.850000000000001,15,12,8,38,26.93,40.850000000000001
7,0,0,0,11,11,36.140000000000001,8,0,9,10,10.050000000000001,36.140000000000001,0,11,9,10,9.0600000000000005,36.140000000000001,0,11,1,19,8.0600000000000005,36.140000000000001,9,10,9,35,25,36.140000000000001
7,0,0,0,24,24,46.869999999999997,24,0,25,9,9.0600000000000005,46.869999999999997,0,24,25,9,29.149999999999999,46.869999999999997,0,24,0,39,15,46.869999999999997,25,9,26,25,16.030000000000001,46.869999999999997
7,0,0,0,16,16,41.880000000000003,22,0,23,21,21.02,41.880000000000003,0,16,23,21,23.539999999999999,41.880000000000003,0,16,0,35,19,41.880000000000003,23,21,23,28,7,41.880000000000003
9,0,0,0,21,21,48.100000000000001,0,21,2,45,24.079999999999998,48.100000000000001,2,45,17,36,17.489999999999998,48.100000000000001,17,36,17,23,13,48.100000000000001,17,23,0,10,21.399999999999999,48.100000000000001
7,0,0,0,13,13,34.710000000000001,21,0,23,16,16.120000000000001,34.710000000000001,0,13,23,16,23.190000000000001,34.710000000000001,0,13,1,26,13.039999999999999,34.710000000000001,23,16,23,23,7,34.710000000000001
9,0,0,0,37,37,54.340000000000003,0,37,1,53,16.030000000000001,54.340000000000003,1,53,12,47,12.529999999999999,54.340000000000003,12,47,12,39,8,54.340000000000003,12,39,0,31,14.42,54.340000000000003
7,0,0,0,9,9,39.049999999999997,23,0,24,8,8.0600000000000005,39.049999999999997,0,9,24,8,24.02,39.049999999999997,0,9,0,30,21,39.049999999999997,24,8,25,22,14.039999999999999,39.049999999999997
9,0,0,0,25,25,56.039999999999999,0,25,1,46,21.02,56.039999999999999,1,46,32,34,33.240000000000002,56.039999999999999,32,34,32,21,13,56.039999999999999,32,21,0,8,34.539999999999999,56.039999999999999
4,0,0,0,22,22,59.409999999999997,0,22,2,46,24.079999999999998,59.409999999999997,0,22,13,22,13,59.409999999999997,2,46,35,48,33.060000000000002,59.409999999999997,0,0,18,1,18.030000000000001,59.409999999999997
9,0,0,0,34,34,40.109999999999999,0,34,2,40,6.3200000000000003,40.109999999999999,2,40,3,37,3.1600000000000001,40.109999999999999,3,37,3,34,3,40.109999999999999,3,34,0,31,4.2400000000000002,40.109999999999999
3,0,0,1,29,29.02,32.200000000000003,1,29,12,21,13.6,32.200000000000003,12,21,14,14,7.2800000000000002,32.200000000000003,14,14,12,7,7.2800000000000002,32.200000000000003,12,7,0,0,13.890000000000001,32.200000000000003
7,0,0,0,22,22,43.859999999999999,18,0,18,7,7,43.859999999999999,0,22,18,7,23.43,43.859999999999999,0,22,0,40,18,43.859999999999999,18,7,18,32,25,43.859999999999999
1,0,0,0,17,17,44.939999999999998,22,0,24,20,20.100000000000001,44.939999999999998,0,17,24,20,24.190000000000001,44.939999999999998,0,17,1,38,21.02,44.939999999999998,24,20,1,38,29.210000000000001,44.939999999999998
2,18,0,9,6,10.82,40.25,9,6,0,12,10.82,40.25,0,12,0,24,12,40.25,0,24,9,30,10.82,40.25,9,30,18,36,10.82,40.25
4,0,0,0,13,13,26.870000000000001,0,13,2,19,6.3200000000000003,26.870000000000001,0,13,12,14,12.039999999999999,26.870000000000001,2,19,19,19,17,26.870000000000001,0,0,13,1,13.039999999999999,26.870000000000001
7,0,0,0,13,13,41.109999999999999,11,0,13,14,14.140000000000001,41.109999999999999,0,13,13,14,13.039999999999999,41.109999999999999,0,13,0,19,6,41.109999999999999,13,14,12,39,25.02,41.109999999999999
7,0,0,0,17,17,41.630000000000003,16,0,17,15,15.029999999999999,41.630000000000003,0,17,17,15,17.120000000000001,41.630000000000003,0,17,1,38,21.02,41.630000000000003,17,15,17,31,16,41.630000000000003
4,0,0,0,7,7,17.800000000000001,0,7,0,13,6,17.800000000000001,0,7,11,7,11,17.800000000000001,0,13,8,13,8,17.800000000000001,0,0,8,-1,8.0600000000000005,17.800000000000001
9,0,0,0,25,25,44.270000000000003,0,25,2,42,17.120000000000001,44.270000000000003,2,42,14,33,15,44.270000000000003,14,33,14,22,11,44.270000000000003,14,22,0,11,17.800000000000001,44.270000000000003
7,0,0,0,11,11,41.049999999999997,22,0,23,15,15.029999999999999,41.049999999999997,0,11,23,15,23.350000000000001,41.049999999999997,0,11,1,26,15.029999999999999,41.049999999999997,23,15,23,34,19,41.049999999999997
2,12,0,5,4,8.0600000000000005,26.829999999999998,5,4,0,8,6.4000000000000004,26.829999999999998,0,8,0,16,8,26.829999999999998,0,16,5,20,6.4000000000000004,26.829999999999998,5,20,12,24,8.0600000000000005,26.829999999999998
4,0,0,0,20,20,37.799999999999997,0,20,0,28,8,37.799999999999997,0,20,19,18,19.100000000000001,37.799999999999997,0,28,20,26,20.100000000000001,37.799999999999997,0,0,23,-2,23.09,37.799999999999997
3,0,0,0,39,39,43.829999999999998,0,39,17,30,19.239999999999998,43.829999999999998,17,30,20,20,10.44,43.829999999999998,20,20,17,10,10.44,43.829999999999998,17,10,0,0,19.719999999999999,43.829999999999998
4,0,0,0,6,6,34.060000000000002,0,6,2,24,18.109999999999999,34.060000000000002,0,6,17,7,17.030000000000001,34.060000000000002,2,24,20,23,18.030000000000001,34.060000000000002,0,0,22,-2,22.09,34.060000000000002
4,0,0,0,16,16,46.530000000000001,0,16,2,41,25.079999999999998,46.530000000000001,0,16,22,16,22,46.530000000000001,2,41,15,40,13.039999999999999,46.530000000000001,0,0,11,2,11.18,46.530000000000001
1,0,0,0,14,14,41.340000000000003,20,0,22,8,8.25,41.340000000000003,0,14,22,8,22.800000000000001,41.340000000000003,0,14,7,35,22.140000000000001,41.340000000000003,22,8,7,35,30.890000000000001,41.340000000000003
4,0,0,0,11,11,39.82,0,11,0,31,20,39.82,0,11,21,13,21.100000000000001,39.82,0,31,25,29,25.079999999999998,39.82,0,0,20,0,20,39.82
3,0,0,1,30,30.02,39.049999999999997,1,30,20,24,19.920000000000002,39.049999999999997,20,24,25,15,10.300000000000001,39.049999999999997,25,15,20,8,8.5999999999999996,39.049999999999997,20,8,0,0,21.539999999999999,39.049999999999997
3,0,0,0,30,30,33.539999999999999,0,30,14,24,15.23,33.539999999999999,14,24,15,15,9.0600000000000005,33.539999999999999,15,15,14,8,7.0700000000000003,33.539999999999999,14,8,0,0,16.120000000000001,33.539999999999999
4,0,0,0,21,21,46.229999999999997,0,21,2,35,14.140000000000001,46.229999999999997,0,21,8,22,8.0600000000000005,46.229999999999997,2,35,29,34,27.02,46.229999999999997,0,0,19,-1,19.030000000000001,46.229999999999997
7,0,0,0,16,16,29.07,12,0,12,14,14,29.07,0,16,12,14,12.17,29.07,0,16,1,24,8.0600000000000005,29.07,12,14,13,26,12.039999999999999,29.07
7,0,0,0,25,25,56.920000000000002,17,0,18,29,29.02,56.920000000000002,0,25,18,29,18.440000000000001,56.920000000000002,0,25,0,34,9,56.920000000000002,18,29,16,54,25.079999999999998,56.920000000000002
3,0,0,2,20,20.100000000000001,25,2,20,10,15,9.4299999999999997,25,10,15,15,10,7.0700000000000003,25,15,10,10,5,7.0700000000000003,25,10,5,0,0,11.18,25
1,0,0,0,18,18,43.009999999999998,11,0,13,12,12.17,43.009999999999998,0,18,13,12,14.32,43.009999999999998,0,18,4,41,23.350000000000001,43.009999999999998,13,12,4,41,30.359999999999999,43.009999999999998
9,0,0,0,21,21,30.68,0,21,1,29,8.0600000000000005,30.68,1,29,10,24,10.300000000000001,30.68,10,24,10,17,7,30.68,10,17,0,10,12.210000000000001,30.68
4,0,0,0,14,14,43.189999999999998,0,14,2,32,18.109999999999999,43.189999999999998,0,14,13,16,13.15,43.189999999999998,2,32,15,31,13.039999999999999,43.189999999999998,0,0,29,0,29,43.189999999999998
9,0,0,0,30,30,39.049999999999997,0,30,1,38,8.0600000000000005,39.049999999999997,1,38,9,34,8.9399999999999995,39.049999999999997,9,34,9,27,7,39.049999999999997,9,27,0,20,11.4,39.049999999999997
9,0,0,0,26,26,53.450000000000003,0,26,0,51,25,53.450000000000003,0,51,16,41,18.870000000000001,53.450000000000003,16,41,16,29,12,53.450000000000003,16,29,0,17,20,53.450000000000003
4,0,0,0,7,7,37.439999999999998,0,7,2,31,24.079999999999998,37.439999999999998,0,7,7,6,7.0700000000000003,37.439999999999998,2,31,17,31,15,37.439999999999998,0,0,21,0,21,37.439999999999998
6,29,0,0,14,32.200000000000003,51.609999999999999,0,14,0,28,14,51.609999999999999,0,28,29,42,32.200000000000003,51.609999999999999,29,0,29,7,7,51.609999999999999,30,7,24,7,6,51.609999999999999
2,21,0,14,5,8.5999999999999996,35,14,5,0,10,14.869999999999999,35,0,10,0,19,9,35,0,19,14,24,14.869999999999999,35,14,24,21,28,8.0600000000000005,35
9,0,0,0,20,20,29.41,0,20,1,28,8.0600000000000005,29.41,1,28,9,24,8.9399999999999995,29.41,9,24,9,17,7,29.41,9,17,0,10,11.4,29.41
7,0,0,0,6,6,34.009999999999998,13,0,13,6,6,34.009999999999998,0,6,13,6,13,34.009999999999998,0,6,2,31,25.079999999999998,34.009999999999998,13,6,14,14,8.0600000000000005,34.009999999999998
4,0,0,0,18,18,48.840000000000003,0,18,0,35,17,48.840000000000003,0,18,12,18,12,48.840000000000003,0,35,33,33,33.060000000000002,48.840000000000003,0,0,27,-1,27.02,48.840000000000003
9,0,0,0,35,35,49.479999999999997,0,35,1,48,13.039999999999999,49.479999999999997,1,48,12,42,12.529999999999999,49.479999999999997,12,42,12,33,9,49.479999999999997,12,33,0,24,15,49.479999999999997
3,0,0,0,30,30,33.539999999999999,0,30,14,24,15.23,33.539999999999999,14,24,15,15,9.0600000000000005,33.539999999999999,15,15,14,8,7.0700000000000003,33.539999999999999,14,8,0,0,16.120000000000001,33.539999999999999
3,0,0,2,34,34.060000000000002,38.009999999999998,2,34,14,24,15.619999999999999,38.009999999999998,14,24,17,17,7.6200000000000001,38.009999999999998,17,17,14,8,9.4900000000000002,38.009999999999998,14,8,0,0,16.120000000000001,38.009999999999998
6,17,0,0,13,21.399999999999999,43.859999999999999,0,13,0,26,13,43.859999999999999,0,26,17,40,22.02,43.859999999999999,17,0,16,8,8.0600000000000005,43.859999999999999,18,8,13,8,5,43.859999999999999
7,0,0,0,15,15,41.229999999999997,24,0,26,12,12.17,41.229999999999997,0,15,26,12,26.170000000000002,41.229999999999997,0,15,0,32,17,41.229999999999997,26,12,26,27,15,41.229999999999997
7,0,0,0,13,13,36.670000000000002,15,0,16,18,18.030000000000001,36.670000000000002,0,13,16,18,16.760000000000002,36.670000000000002,0,13,0,32,19,36.670000000000002,16,18,16,33,15,36.670000000000002
4,0,0,0,18,18,35.609999999999999,0,18,0,24,6,35.609999999999999,0,18,20,20,20.100000000000001,35.609999999999999,0,24,22,26,22.09,35.609999999999999,0,0,6,-2,6.3200000000000003,35.609999999999999
7,0,0,0,15,15,38.210000000000001,25,0,26,13,13.039999999999999,38.210000000000001,0,15,26,13,26.079999999999998,38.210000000000001,0,15,0,28,13,38.210000000000001,26,13,25,25,12.039999999999999,38.210000000000001
4,0,0,0,7,7,42.520000000000003,0,7,0,32,25,42.520000000000003,0,7,18,6,18.030000000000001,42.520000000000003,0,32,28,32,28,42.520000000000003,0,0,21,0,21,42.520000000000003
4,0,0,0,8,8,27.02,0,8,2,19,11.18,27.02,0,8,6,8,6,27.02,2,19,16,21,14.140000000000001,27.02,0,0,17,0,17,27.02
3,0,0,2,35,35.060000000000002,39.359999999999999,2,35,16,27,16.120000000000001,39.359999999999999,16,27,18,18,9.2200000000000006,39.359999999999999,18,18,16,9,9.2200000000000006,39.359999999999999,16,9,0,0,18.359999999999999,39.359999999999999
7,0,0,0,23,23,40.020000000000003,7,0,9,26,26.079999999999998,40.020000000000003,0,23,9,26,9.4900000000000002,40.020000000000003,0,23,0,38,15,40.020000000000003,9,26,9,39,13,40.020000000000003
2,14,0,7,5,8.5999999999999996,31.300000000000001,7,5,0,10,8.5999999999999996,31.300000000000001,0,10,0,19,9,31.300000000000001,0,19,7,24,8.5999999999999996,31.300000000000001,7,24,14,28,8.0600000000000005,31.300000000000001
9,0,0,0,34,34,41.590000000000003,0,34,0,41,7,41.590000000000003,0,41,7,37,8.0600000000000005,41.590000000000003,7,37,7,32,5,41.590000000000003,7,32,0,27,8.5999999999999996,41.590000000000003
7,0,0,0,10,10,24.350000000000001,7,0,7,10,10,24.350000000000001,0,10,7,10,7,24.350000000000001,0,10,1,23,13.039999999999999,24.350000000000001,7,10,8,16,6.0800000000000001,24.350000000000001
4,0,0,0,16,16,28.23,0,16,2,24,8.25,28.23,0,16,11,16,11,28.23,2,24,9,26,7.2800000000000002,28.23,0,0,8,1,8.0600000000000005,28.23
1,0,0,0,21,21,44.939999999999998,22,0,24,23,23.09,44.939999999999998,0,21,24,23,24.079999999999998,44.939999999999998,0,21,14,38,22.02,44.939999999999998,24,23,14,38,18.030000000000001,44.939999999999998
9,0,0,0,30,30,40.259999999999998,0,30,0,39,9,40.259999999999998,0,39,10,33,11.66,40.259999999999998,10,33,10,24,9,40.259999999999998,10,24,0,15,13.449999999999999,40.259999999999998
1,0,0,0,22,22,52.329999999999998,22,0,23,12,12.039999999999999,52.329999999999998,0,22,23,12,25.079999999999998,52.329999999999998,0,22,14,47,28.649999999999999,52.329999999999998,23,12,14,47,36.140000000000001,52.329999999999998
6,8,0,0,5,9.4299999999999997,16.120000000000001,0,5,0,10,5,16.120000000000001,0,10,8,14,8.9399999999999995,16.120000000000001,8,0,8,9,9,16.120000000000001,8,9,4,9,4,16.120000000000001
4,0,0,0,15,15,42.520000000000003,0,15,2,30,15.130000000000001,42.520000000000003,0,15,19,15,19,42.520000000000003,2,30,28,30,26,42.520000000000003,0,0,6,-2,6.3200000000000003,42.520000000000003
2,30,0,15,5,15.81,43.859999999999999,15,5,0,10,15.81,43.859999999999999,0,10,0,21,11,43.859999999999999,0,21,15,26,15.81,43.859999999999999,15,26,30,32,16.16,43.859999999999999
2,21,0,12,5,10.300000000000001,38.280000000000001,12,5,0,10,13,38.280000000000001,0,10,0,21,11,38.280000000000001,0,21,12,26,13,38.280000000000001,12,26,21,32,10.82,38.280000000000001
9,0,0,0,38,38,55.799999999999997,0,38,0,45,7,55.799999999999997,0,45,33,35,34.479999999999997,55.799999999999997,33,35,33,23,12,55.799999999999997,33,23,0,11,35.109999999999999,55.799999999999997
9,0,0,0,24,24,48.850000000000001,0,24,2,45,21.100000000000001,48.850000000000001,2,45,19,36,19.239999999999998,48.850000000000001,19,36,19,26,10,48.850000000000001,19,26,0,16,21.469999999999999,48.850000000000001
2,12,0,2,4,10.77,26.829999999999998,2,4,0,8,4.4699999999999998,26.829999999999998,0,8,0,16,8,26.829999999999998,0,16,2,20,4.4699999999999998,26.829999999999998,2,20,12,24,10.77,26.829999999999998
7,0,0,0,9,9,41.039999999999999,25,0,27,7,7.2800000000000002,41.039999999999999,0,9,27,7,27.07,41.039999999999999,0,9,0,19,10,41.039999999999999,27,7,28,30,23.02,41.039999999999999
9,0,0,0,26,26,40.259999999999998,0,26,0,39,13,40.259999999999998,0,39,10,34,11.18,40.259999999999998,10,34,10,27,7,40.259999999999998,10,27,0,20,12.210000000000001,40.259999999999998
9,0,0,0,31,31,52.810000000000002,0,31,0,50,19,52.810000000000002,0,50,17,39,20.25,52.810000000000002,17,39,17,26,13,52.810000000000002,17,26,0,13,21.399999999999999,52.810000000000002
9,0,0,0,23,23,48.509999999999998,0,23,0,47,24,48.509999999999998,0,47,12,39,14.42,48.509999999999998,12,39,12,30,9,48.509999999999998,12,30,0,21,15,48.509999999999998
4,0,0,0,20,20,45.799999999999997,0,20,0,36,16,45.799999999999997,0,20,27,22,27.07,45.799999999999997,0,36,24,37,24.02,45.799999999999997,0,0,13,0,13,45.799999999999997
1,0,0,0,13,13,27.460000000000001,13,0,15,10,10.199999999999999,27.460000000000001,0,13,15,10,15.300000000000001,27.460000000000001,0,13,3,23,10.44,27.460000000000001,15,10,3,23,17.690000000000001,27.460000000000001
7,0,0,0,8,8,32.020000000000003,6,0,8,12,12.17,32.020000000000003,0,8,8,12,8.9399999999999995,32.020000000000003,0,8,2,31,23.09,32.020000000000003,8,12,7,30,18.030000000000001,32.020000000000003
4,0,0,0,12,12,32.799999999999997,0,12,1,23,11.050000000000001,32.799999999999997,0,12,20,11,20.02,32.799999999999997,1,23,8,24,7.0700000000000003,32.799999999999997,0,0,10,-2,10.199999999999999,32.799999999999997
6,13,0,0,5,13.93,19.800000000000001,0,5,0,10,5,19.800000000000001,0,10,13,14,13.6,19.800000000000001,13,0,12,7,7.0700000000000003,19.800000000000001,14,7,9,7,5,19.800000000000001
4,0,0,0,7,7,41.869999999999997,0,7,2,32,25.079999999999998,41.869999999999997,0,7,14,5,14.140000000000001,41.869999999999997,2,32,27,31,25.02,41.869999999999997,0,0,7,0,7,41.869999999999997
7,0,0,0,20,20,39.960000000000001,19,0,21,14,14.140000000000001,39.960000000000001,0,20,21,14,21.84,39.960000000000001,0,20,0,34,14,39.960000000000001,21,14,21,31,17,39.960000000000001
2,16,0,8,5,9.4299999999999997,35.780000000000001,8,5,0,10,9.4299999999999997,35.780000000000001,0,10,0,21,11,35.780000000000001,0,21,8,26,9.4299999999999997,35.780000000000001,8,26,16,32,10,35.780000000000001
7,0,0,0,14,14,36.07,23,0,25,8,8.25,36.07,0,14,25,8,25.710000000000001,36.07,0,14,0,21,7,36.07,25,8,24,26,18.030000000000001,36.07
2,31,0,23,5,9.4299999999999997,44.549999999999997,23,5,0,10,23.539999999999999,44.549999999999997,0,10,0,21,11,44.549999999999997,0,21,23,26,23.539999999999999,44.549999999999997,23,26,31,32,10,44.549999999999997
7,0,0,0,12,12,39.409999999999997,22,0,23,7,7.0700000000000003,39.409999999999997,0,12,23,7,23.539999999999999,39.409999999999997,0,12,2,32,20.100000000000001,39.409999999999997,23,7,22,30,23.02,39.409999999999997
7,0,0,0,20,20,41.68,17,0,19,12,12.17,41.68,0,20,19,12,20.620000000000001,41.68,0,20,1,31,11.050000000000001,41.68,19,12,21,36,24.079999999999998,41.68
7,0,0,0,8,8,37.640000000000001,9,0,11,13,13.15,37.640000000000001,0,8,11,13,12.08,37.640000000000001,0,8,1,32,24.02,37.640000000000001,11,13,11,36,23,37.640000000000001
3,0,0,1,34,34.009999999999998,41.049999999999997,1,34,22,24,23.260000000000002,41.049999999999997,22,24,23,17,7.0700000000000003,41.049999999999997,23,17,22,8,9.0600000000000005,41.049999999999997,22,8,0,0,23.41,41.049999999999997
9,0,0,0,27,27,42.380000000000003,0,27,2,40,13.15,42.380000000000003,2,40,14,31,15,42.380000000000003,14,31,14,20,11,42.380000000000003,14,20,0,9,17.800000000000001,42.380000000000003
4,0,0,0,18,18,51.740000000000002,0,18,2,38,20.100000000000001,51.740000000000002,0,18,29,20,29.07,51.740000000000002,2,38,22,39,20.02,51.740000000000002,0,0,34,0,34,51.740000000000002
9,0,0,0,38,38,64.469999999999999,0,38,0,59,21,64.469999999999999,0,59,26,47,28.640000000000001,64.469999999999999,26,47,26,32,15,64.469999999999999,26,32,0,17,30.02,64.469999999999999
4,0,0,0,20,20,41.619999999999997,0,20,0,33,13,41.619999999999997,0,20,24,18,24.079999999999998,41.619999999999997,0,33,14,33,14,41.619999999999997,0,0,20,-1,20.02,41.619999999999997
4,0,0,0,18,18,42.520000000000003,0,18,2,29,11.18,42.520000000000003,0,18,6,20,6.3200000000000003,42.520000000000003,2,29,23,31,21.100000000000001,42.520000000000003,0,0,28,-1,28.02,42.520000000000003
9,0,0,0,36,36,45.890000000000001,0,36,2,45,9.2200000000000006,45.890000000000001,2,45,9,41,8.0600000000000005,45.890000000000001,9,41,9,34,7,45.890000000000001,9,34,0,27,11.4,45.890000000000001
7,0,0,0,12,12,44.649999999999999,23,0,25,6,6.3200000000000003,44.649999999999999,0,12,25,6,25.710000000000001,44.649999999999999,0,12,0,37,25,44.649999999999999,25,6,24,28,22.02,44.649999999999999
7,0,0,0,10,10,40.219999999999999,21,0,21,9,9,40.219999999999999,0,10,21,9,21.02,40.219999999999999,0,10,0,33,23,40.219999999999999,21,9,23,33,24.079999999999998,40.219999999999999
1,0,0,0,14,14,34.210000000000001,8,0,9,18,18.030000000000001,34.210000000000001,0,14,9,18,9.8499999999999996,34.210000000000001,0,14,6,33,19.920000000000002,34.210000000000001,9,18,6,33,15.300000000000001,34.210000000000001
7,0,0,0,25,25,44.780000000000001,16,0,16,16,16,44.780000000000001,0,25,16,16,18.359999999999999,44.780000000000001,0,25,2,33,8.25,44.780000000000001,16,16,18,41,25.079999999999998,44.780000000000001
4,0,0,0,24,24,40,0,24,1,32,8.0600000000000005,40,0,24,24,25,24.02,40,1,32,19,32,18,40,0,0,19,0,19,40
6,11,0,0,5,12.08,17.800000000000001,0,5,0,10,5,17.800000000000001,0,10,11,14,11.699999999999999,17.800000000000001,11,0,9,8,8.25,17.800000000000001,11,8,7,8,4,17.800000000000001
7,0,0,0,21,21,44.920000000000002,13,0,13,23,23,44.920000000000002,0,21,13,23,13.15,44.920000000000002,0,21,0,43,22,44.920000000000002,13,23,13,41,18,44.920000000000002
9,0,0,0,29,29,43.170000000000002,0,29,1,42,13.039999999999999,43.170000000000002,1,42,10,35,11.4,43.170000000000002,10,35,10,28,7,43.170000000000002,10,28,0,21,12.210000000000001,43.170000000000002
